{"stats":{"minecraft:mined":{"minecraft:grass_block":4,"minecraft:gravel":1,"minecraft:dirt":1,"minecraft:spruce_log":8,"minecraft:spruce_leaves":28},"minecraft:crafted":{"minecraft:crafting_table":1,"minecraft:spruce_planks":32,"minecraft:stick":8,"minecraft:wooden_pickaxe":1},"minecraft:used":{"minecraft:dirt":2,"minecraft:crafting_table":1},"minecraft:picked_up":{"minecraft:spruce_log":8,"minecraft:dirt":5},"minecraft:custom":{"minecraft:time_since_rest":3831,"minecraft:crouch_one_cm":75,"minecraft:play_time":3831,"minecraft:sprint_one_cm":1135,"minecraft:walk_one_cm":5559,"minecraft:sneak_time":236,"minecraft:walk_under_water_one_cm":463,"minecraft:jump":24,"minecraft:leave_game":1,"minecraft:time_since_death":3831,"minecraft:walk_on_water_one_cm":620,"minecraft:total_world_time":3831,"minecraft:swim_one_cm":1219,"minecraft:interact_with_crafting_table":5,"minecraft:fall_one_cm":418,"minecraft:fly_one_cm":1626}},"DataVersion":3465}