{"stats":{"minecraft:mined":{"minecraft:spruce_leaves":12,"minecraft:spruce_log":4},"minecraft:crafted":{"minecraft:crafting_table":1,"minecraft:spruce_planks":12},"minecraft:picked_up":{"minecraft:spruce_sapling":2,"minecraft:spruce_log":3},"minecraft:custom":{"minecraft:jump":59,"minecraft:time_since_rest":9405,"minecraft:leave_game":1,"minecraft:crouch_one_cm":241,"minecraft:damage_dealt":75,"minecraft:sprint_one_cm":9847,"minecraft:play_time":9405,"minecraft:time_since_death":9405,"minecraft:walk_one_cm":6211,"minecraft:sneak_time":123,"minecraft:total_world_time":9405,"minecraft:fall_one_cm":536,"minecraft:fly_one_cm":86413}},"DataVersion":3465}