{"stats":{"minecraft:mined":{"minecraft:spruce_log":1,"minecraft:ice":1,"minecraft:grass_block":7,"minecraft:spruce_leaves":10,"minecraft:dirt":2},"minecraft:used":{"minecraft:dirt":9,"minecraft:spruce_log":1},"minecraft:picked_up":{"minecraft:spruce_log":1,"minecraft:dirt":9},"minecraft:custom":{"minecraft:jump":105,"minecraft:time_since_rest":8673,"minecraft:walk_on_water_one_cm":420,"minecraft:sprint_one_cm":17593,"minecraft:play_time":8673,"minecraft:damage_taken":75,"minecraft:time_since_death":8673,"minecraft:walk_one_cm":30729,"minecraft:total_world_time":8673,"minecraft:fall_one_cm":898,"minecraft:fly_one_cm":17193}},"DataVersion":3465}